Код;Адрес МКД;Документ,подтверждающий признание МКД аварийным, номер;Документ,подтверждающий признание МКД аварийным, дата;Планируемая дата окончания переселения;Планируемая дата сноса/реконструкции  МКД;Число жителей всего, чел;Число жителей планируемых к переселению, чел;Общая площадь жилых помещений МКД, кв м;Количество расселяемых жилых помещений, ед;Расселяемая площадь жилых помещений, кв м
1;п Совхозный ул Железнодорожная д.2;Акт обследования межведомственной комиссии № 13;2003-12-15;4.2015;2.2016;21;21;249.1000;7;249.1000
2;п Студенческий ул Садовая д.3;Акт обследования межведомственной комиссии № 3;2003-12-15;4.2015;2.2016;17;17;96.0000;3;96.0000
3;п Студенческий ул Садовая д.7;Акт обследования межведомственной комиссии № 17;2003-12-15;4.2015;2.2016;4;4;102.9000;3;102.9000
4;рп Белоярский ул Клубная д.2;Акт обследования межведомственной комиссии № 37;2003-12-17;4.2015;2.2016;67;67;677.8000;21;677.8000
5;рп Белоярский ул Мира д.11;Акт обследования межведомственной комиссии № 28;2003-12-16;4.2015;2.2016;33;33;542.1000;10;542.1000
6;с Камышево ул 30 лет Победы д.5;Акт обследования межведомственной комиссии № 2;2003-12-11;4.2015;2.2016;11;11;269.3000;6;269.3000
7;с Камышево ул 30 лет Победы д.7;Акт обследования межведомственной комиссии № 1;2003-12-11;4.2015;2.2016;19;19;435.0000;8;435.0000
8;с Камышево ул 30 лет Победы д.8;Акт обследования межведомственной комиссии № 5;2003-12-11;4.2015;2.2016;24;24;375.3000;10;375.3000
9;с Камышево ул Роща д.1;Акт обследования межведомственной комиссии № 4;2003-12-11;4.2015;2.2016;6;6;79.9000;2;79.9000
10;с Камышево ул Роща д.7;Акт обследования межведомственной комиссии № 3;2003-12-11;4.2015;2.2016;3;3;114.4000;2;87.5000
11;с Кочневское ул Ленина д.96;Акт обследования сежведомственной комиссии № 12;2003-12-15;4.2015;2.2016;7;7;86.7000;2;86.7000
12;с Черноусово ул Центральная д.9;Акт обследования межведомственной комиссии № 6;2003-12-11;4.2015;2.2016;30;30;599.2000;12;599.2000
13;рп Бисерть ул Мира д.10;Акт и заключение межведомственной комиссии № 5;2008-12-19;4.2015;2.2016;29;29;382.3000;9;382.3000
14;рп Бисерть ул Мира д.11;Акт и заключение межведомственной комиссии № 6;2008-12-19;4.2015;2.2016;20;20;420.8000;6;306.6000
15;рп Бисерть ул Мира д.9;Акт и заключение межведомственной комиссии № 4;2008-12-19;4.2015;2.2016;11;11;358.5000;7;358.5000
16;рп Бисерть ул Революции д.15;Акт и заключение межведомственной комиссии № 7;2008-12-19;4.2015;2.2016;9;9;511.0000;4;250.0000
17;рп Бисерть ул Тимирязева д.25;Акт и заключение межведомственной комиссии № 9;2008-12-19;4.2015;2.2016;19;19;387.2000;9;387.2000
18;рп Бисерть ул Тимирязева д.27;Акт и заключение межведомтсвенной комиссии № 10;2008-12-19;4.2015;2.2016;22;22;420.4000;10;420.4000
19;рп Бисерть ул Тимирязева д.29;Акт и заключение межведомственной комиссии № 11;2008-12-19;4.2015;2.2016;18;18;449.6000;8;389.8000
20;п Белоречка ул Горького д.12;Акт обследования № 1;2008-03-17;4.2015;2.2016;9;9;228.4000;7;171.3000
21;п Белоречка ул Калинина д.3;Акт обследования № 4;2008-03-17;4.2015;3.2016;3;3;108.8000;3;81.6000
22;п Белоречка ул Советская д.1;Акт обследования № 2;2008-03-17;4.2015;2.2016;10;10;512.3000;8;455.4000
23;п Белоречка ул Советская д.2;Акт обследования № 3;2008-03-17;4.2015;2.2016;13;13;541.7000;7;473.1000
24;п Половинный ул Набережная д.1;Акт обследования № 6;2009-04-16;4.2015;3.2016;1;1;100.4000;1;50.2000
25;п Кедровое ул 40-летия Октября д.10;Заключение межведомственной комиссии № 3;2010-08-15;4.2015;2.2016;31;31;585.3000;12;585.3000
26;п Кедровое ул 40-летия Октября д.8;Заключение межведомственной комиссии № 12;2010-08-15;4.2015;2.2016;28;28;614.7000;12;614.7000
27;п Кедровое ул Классона д.6;Заключение межведомственной комиссии № 15;2010-08-15;4.2015;1.2016;41;41;752.0000;22;752.0000
28;п Кедровое ул Северная д.11;Заключение межведомственной комиссии № 5;2010-08-15;4.2015;2.2016;19;19;317.7000;11;317.7000
29;п Кедровое ул Школьников д.3;Заключение межведомственной комиссии № 11;2010-08-15;4.2015;2.2016;34;34;646.7000;16;646.7000
30;г Верхотурье ул Карла Маркса д.16;Акт и заключение межведомственной комиссии № 1;2010-05-12;4.2015;4.2016;1;1;125.4000;1;28.9000
31;п Привокзальный ул Детская д.10;Акт и заключение межведомственной комиссии № 36;2010-10-21;4.2015;4.2015;4;4;220.0000;2;54.0000
32;п Привокзальный ул Детская д.12;Акт и заключение межведомственной комиссии № 37;2010-10-21;4.2015;4.2016;2;2;228.0000;1;48.0000
33;п Привокзальный ул Детская д.14;Акт и заключение межведомственной комиссии № 28;2010-10-21;4.2015;4.2016;9;9;230.0000;6;230.0000
34;п Привокзальный ул Детская д.16;Акт и заключение межведомственной комиссии № 29;2010-10-21;4.2015;4.2016;5;5;225.0000;3;98.9000
35;п Привокзальный ул Набережная д.8;Акт и заключение межведомственной комиссии № 3;2010-05-12;4.2015;4.2016;1;1;141.8000;1;36.0000
36;п Привокзальный ул Свободы д.12;Акт и заключение межведомственной комиссии № 34;2010-10-21;4.2015;4.2016;11;11;184.0000;5;184.0000
37;п Привокзальный ул Свободы д.3;Акт и заключение межведомственной комиссии № 32;2010-10-21;4.2015;4.2016;14;14;178.0000;5;178.0000
38;п Привокзальный ул Свободы д.6;Акт и заключение межведомственной комиссии № 33;2010-10-21;4.2015;4.2016;6;6;136.0000;3;136.0000
39;г Волчанск ул Малая Окружная д.101;Акт и заключение межведомственной комиссии № 8-МК/11;2011-09-28;4.2015;4.2017;2;2;497.9000;2;118.1000
40;г Волчанск ул Малая Окружная д.99;Акт и заключение межведомтсвенной комиссии № 7-МК/11;2011-09-28;4.2015;2.2016;7;7;522.9000;2;140.7000
41;г Волчанск ул Уральского Комсомола д.12;Акт и заключение межведомственной комиссии № 7-МК/08;2008-10-30;4.2015;4.2017;1;1;393.3000;1;46.6000
42;г Волчанск ул Уральского Комсомола д.19;Акт и заключение межведомственной комиссии № 5-МК/08;2008-10-20;4.2015;2.2016;3;3;393.6000;3;138.8000
43;п Лая д.1;Заключение межведомственной комиссии № 15;2009-05-31;4.2015;2.2016;22;22;132.7000;4;132.7000
44;п Леневка ул Центральная д.21;Заключение межведомственной комиссии № 18;2009-05-31;4.2015;2.2016;12;12;160.7000;5;160.7000
45;п Монзино д.1;Заключение межведомственной комиссии № 19;2009-05-31;4.2015;2.2016;6;6;77.5000;2;77.5000
46;п Монзино д.2;Заключение межведомственной комиссии № 20;2009-05-31;4.2015;2.2016;4;4;89.2000;3;89.2000
47;п Новоасбест ул Новая д.11;Заключение межведомственной комиссии № 1;2009-05-31;4.2015;2.2016;21;21;307.2000;6;307.2000
48;п Новоасбест ул Новая д.13;Заключение межведомственной комиссии № 2;2009-05-31;4.2015;2.2016;11;11;320.5000;7;320.5000
49;п Новоасбест ул Новая д.15;Заключение межведомственной комиссии № 3;2009-05-31;4.2015;2.2016;9;9;298.6000;7;298.6000
50;п Первомайский ул Ленина д.19;Заключение межведомственной комиссии № 5;2009-05-31;4.2015;4.2017;4;4;76.0000;2;76.0000
51;п Первомайский ул Новая д.7;Заключение межведомственной комиссии № 1;2010-04-29;4.2015;4.2017;1;1;96.0000;1;76.0000
52;с Лая ул Заречная д.36;Заключение межведомственной комиссии № 14;2009-05-31;4.2015;1.2017;2;2;60.0000;1;60.0000
53;с Лая ул Заречная д.50;Заключение межведомственной комиссии № 16;2009-05-31;4.2015;1.2017;5;5;112.1000;3;112.1000
54;г Нижний Тагил ул Дунайская д.17;Заключение межведомственной комиссии;2010-10-20;4.2015;2.2016;45;45;558.4000;20;541.2000
55;г Нижний Тагил ул Жданова д.37-39;Заключение межведомственной комиссии;2010-04-20;4.2015;2.2016;1;1;58.6000;1;29.1000
56;г Нижний Тагил ул Красногвардейская д.41;Заключение межведомственной комиссии;2010-04-20;4.2015;2.2016;16;16;364.6000;7;319.2000
57;г Нижний Тагил ул Красногвардейская д.43;Заключение межведомственной комиссии;2010-04-20;4.2015;2.2016;18;18;383.8000;7;336.6000
58;г Нижний Тагил ул Красногвардейская д.45;Заключение межведомственной комиссии;2010-04-20;4.2015;2.2016;12;12;243.2000;4;243.2000
59;г Нижний Тагил ул Красногвардейская д.47;Заключение межведомственной комиссии;2010-04-20;4.2015;2.2016;26;26;384.0000;8;384.0000
60;г Нижний Тагил ул Красногвардейская д.49;Заключение межведомственной комиссии;2010-04-20;4.2015;2.2016;21;21;380.9000;8;380.9000
61;г Нижний Тагил ул Красногвардейская д.51;Заключение межведомственной комиссии;2010-04-20;4.2015;2.2016;40;40;478.5000;15;452.9000
62;г Нижний Тагил ул Красногвардейская д.53;Заключение межведомственной комииссии;2010-04-20;4.2015;2.2016;18;18;377.2000;9;377.2000
63;г Нижний Тагил ул Салтыкова-Щедрина д.1 (3);Заключение межведомственной комиссии;2009-08-17;4.2015;2.2016;3;3;97.1000;1;48.3000
64;г Нижний Тагил ул Тимирязева д.67;Заключение межведомственной комиссии;2010-04-20;4.2015;2.2016;31;31;411.8000;10;396.4000
65;рп Дружинино ул Азина д.48 А;Акт межведомственной комиссии № 10;2009-12-29;4.2015;2.2016;3;3;61.8000;2;61.8000
66;рп Дружинино ул Октябрьская д.2 А;Акт межведомственной комиссии № 18;2009-11-05;4.2015;2.2016;10;10;115.5000;4;115.5000
67;рп Дружинино ул Энгельса д.10;акт межведомственной комиссии №10;2009-11-05;4.2015;2.2016;16;16;194.1000;6;194.1000
68;рп Дружинино ул Энгельса д.11;акт межведомственной комиссии № 12;2009-11-05;4.2015;2.2016;15;15;207.9000;5;207.9000
69;рп Дружинино ул Энгельса д.12;Акт межведомственной комиссии № 13;2009-11-05;4.2015;2.2016;14;14;181.4000;6;181.4000
70;рп Дружинино ул Энгельса д.13;Акт межведомственной комиссии № 14;2009-11-05;4.2015;2.2016;13;13;159.4000;4;159.4000
71;рп Дружинино ул Энгельса д.16;Акт межведомственной комиссии № 16;2009-11-05;4.2015;2.2016;11;11;181.5000;6;181.5000
72;рп Дружинино ул Энгельса д.17;Акт межведомственной комиссии № 17;2009-11-05;4.2015;2.2016;13;13;122.7000;6;122.7000
73;рп Дружинино ул Энгельса д.2;акт межведомственной комиссии № 4;2009-11-05;4.2015;2.2016;15;15;174.1000;8;174.1000
74;рп Дружинино ул Энгельса д.2 А;акт межведомственной комиссии;2009-11-05;4.2015;2.2016;10;10;207.9000;4;207.9000
75;рп Дружинино ул Энгельса д.22;Акт межведомственной комиссии № 22;2009-11-05;4.2015;2.2016;6;6;144.1000;4;144.1000
76;рп Дружинино ул Энгельса д.27;Акт межведомственной комиссии № 2;2009-11-05;4.2015;2.2016;20;20;345.9000;9;345.9000
77;рп Дружинино ул Энгельса д.28;Акт межведомственной комиссии № 19;2009-12-29;4.2015;2.2016;13;13;161.7000;6;161.7000
78;рп Дружинино ул Энгельса д.3;акт межведомственной комиссии №6;2009-11-05;4.2015;2.2016;17;17;225.1000;8;225.1000
79;рп Дружинино ул Энгельса д.4;акт межведомственной комиссии №1;2009-11-05;4.2015;2.2016;23;23;218.0000;7;218.0000
80;рп Дружинино ул Энгельса д.4 А;акт межведомственной комиссии №14;2011-12-28;4.2015;2.2016;8;8;113.5000;4;113.5000
81;рп Дружинино ул Энгельса д.6;акт межведомственной комиссии №7;2009-11-05;4.2015;2.2016;9;9;102.0000;4;102.0000
82;рп Дружинино ул Энгельса д.7;акт межведомственной комиссии № 8;2009-11-05;4.2015;2.2016;18;18;234.7000;8;234.7000
83;рп Дружинино ул Энгельса д.8;акт межведомственной комиссии №9;2009-11-05;4.2015;2.2016;14;14;118.7000;4;118.7000
84;рп Дружинино ул Энгельса д.9;акт межведомственной комиссии №11;2009-11-05;4.2015;2.2016;16;16;280.6000;9;280.6000
85;г Камышлов пер Кирпичников д.2;Акт и заключение межведомственной комиссии № 46;2008-09-17;4.2015;2.2016;6;6;83.2000;3;83.2000
86;г Камышлов пер Кирпичников д.3;Акт и заключение межведомственной комиссии № 37;2011-10-02;4.2015;2.2016;10;10;86.8000;3;86.8000
87;г Камышлов пер Кирпичников д.4;Акт и заключение межведомственной комиссии № 47;2008-09-17;4.2015;2.2016;10;10;83.3000;3;83.3000
88;г Камышлов пер Кирпичников д.5;Акт и заключение межведомственной комиссии № 48;2008-09-17;4.2015;2.2016;6;6;83.9000;4;83.9000
89;г Камышлов пер Кирпичников д.6;Акт и заключение межведомственной комиссии № 49;2008-09-17;4.2015;2.2016;6;6;83.5000;4;83.5000
90;г Камышлов пер Кирпичников д.8;Акт и заключение межведомственной комиссии № 50;2008-09-17;4.2015;2.2016;7;7;121.4000;4;121.4000
91;г Камышлов пер Строителей д.3;Акт и заключение межведомственной комиссии № 43;2008-09-17;4.2015;2.2016;9;9;83.3000;3;83.3000
92;г Камышлов пер Строителей д.6;Акт и заключение межведомственной комиссии № 44;2008-09-17;4.2015;2.2016;7;7;93.1000;4;93.1000
93;г Камышлов пер Строителей д.8;Акт и заключение межведомственной комиссии № 45;2008-09-17;4.2015;2.2016;7;7;81.1000;4;81.1000
94;г Камышлов ул Гагарина д.36 литера Б;Акт и заключение межведомственной комиссии № 35;2011-10-02;4.2015;2.2016;10;10;92.4000;3;92.4000
95;г Камышлов ул Жукова д.39;Акт и заключение межведомственной комиссии № 56;2008-09-17;4.2015;2.2016;6;6;52.9000;2;52.9000
96;г Камышлов ул Заводская д.37;Акт и заключение межведомственной комиссии № 45;2011-10-02;4.2015;2.2016;12;12;81.6000;3;81.6000
97;г Камышлов ул Карла Маркса д.32 литера А;Акт и заключение межведомственной комиссии № 44;2011-10-02;4.2015;2.2016;18;18;102.9000;10;102.9000
98;г Камышлов ул Карла Маркса д.51;Акт и заключение межведомственной комиссии № 17;2011-07-20;4.2015;4.2016;22;22;273.8000;10;273.8000
99;г Камышлов ул Комсомольская д.26 литера А;Акт межведомственной комиссии № 1;2003-01-27;4.2015;2.2016;11;11;89.6000;3;89.6000
100;г Камышлов ул Красных Орлов д.30 литера А;Акт межведомственной комиссии № 8;2003-01-28;4.2015;2.2016;24;24;227.9000;9;227.9000
101;г Камышлов ул Ленина д.7;Акт и заключение межведомственной комиссии № 29;2008-09-17;4.2015;2.2016;2;2;52.6000;2;52.6000
102;г Камышлов ул Строителей д.23А;Акт и заключение межведомственной комиссии № 37;2008-09-17;4.2015;2.2016;2;2;122.1000;2;122.1000
103;г Камышлов ул Строителей д.34;Акт и заключение межведомственной комиссии № 42;2008-09-17;4.2015;2.2016;5;5;82.1000;3;82.1000
104;г Камышлов ул Энгельса д.134 литера Б;Акт и заключение межведомственной комиссии № 2;2008-09-17;4.2015;2.2016;3;3;109.6000;3;109.6000
105;г Камышлов ул Энгельса д.188;Акт и заключение межведомственной комиссии № 32;2008-09-17;4.2015;2.2016;5;5;146.1000;2;146.1000
106;г Камышлов ул Энгельса д.262 литера А;Акт и заключение межведомственной комиссии № 16;2008-09-17;4.2015;2.2016;4;4;102.3000;2;102.3000
107;г Камышлов ул Энгельса д.268;Акт и заключение межведомственной комиссии № 17;2008-09-17;4.2015;2.2016;7;7;92.3000;3;92.3000
108;г Карпинск пер Герцена д.1;Заключение межведомственной комиссии № 141;2011-12-27;4.2015;3.2016;7;7;171.3000;4;171.3000
109;г Карпинск пер Герцена д.10;Заключение межведомственной комиссии № 143;2011-12-27;4.2015;3.2016;17;17;177.5000;3;133.0000
110;г Карпинск пер Герцена д.14;Заключение межведомственной комиссии № 140;2011-12-27;4.2015;3.2016;5;5;174.6000;3;131.3000
111;г Карпинск пер Герцена д.3;Заключение межведомственной комиссии № 142;2011-12-27;4.2015;3.2016;3;3;170.5000;3;128.1000
112;г Карпинск ул Белинского д.93А;Заключение межведомственной комиссии № 147;2011-12-27;4.2015;3.2016;14;14;257.2000;5;210.0000
113;г Карпинск ул Ленина д.104;Заключение межведомственной комиссии № 157;2011-12-27;4.2015;3.2016;21;21;534.7000;8;463.8000
114;г Карпинск ул Ленина д.106;Заключение межведомственной комиссии № 158;2011-12-27;4.2015;3.2016;18;18;549.7000;6;413.1000
115;г Карпинск ул Ленина д.90А;Заключение межведомственной комиссии № 152;2011-12-27;4.2015;3.2016;17;17;353.7000;7;313.1000
116;г Карпинск ул Ленина д.92А;Заключение межведомственной комиссии № 153;2011-12-27;4.2015;3.2016;20;20;348.4000;7;309.7000
117;г Карпинск ул Ленина д.94;Заключение межведомственной комиссии № 154;2011-12-27;4.2015;3.2016;12;12;359.5000;5;229.3000
118;г Карпинск ул Ленина д.94А;Заключение межведомственной комиссии № 155;2011-12-27;4.2015;3.2016;15;15;350.8000;8;350.8000
119;г Карпинск ул Ленина д.96;Заключение межведомственной комиссии № 156;2011-12-27;4.2015;3.2016;19;19;360.9000;8;360.9000
120;г Карпинск ул Лермонтова д.15;Заключение межведомственной комиссии № 162;2011-12-27;4.2015;3.2016;34;34;538.8000;16;538.8000
121;г Карпинск ул Лермонтова д.4;Заключение межведомственной комиссии № 161;2011-12-27;4.2015;3.2016;17;17;387.6000;7;340.5000
122;г Карпинск ул Луначарского д.36;Заключение межведомственной комиссии № 164;2011-12-27;4.2015;3.2016;15;15;445.2000;8;280.0500
123;г Карпинск ул Луначарского д.75;Заключение межведомственной комиссии № 165;2011-12-27;4.2015;3.2016;20;20;380.2000;6;285.1000
124;г Карпинск ул Максима Горького д.1;Заключение межведомтсвенной комиссии № 166;2011-12-27;4.2015;3.2016;18;18;572.5000;4;279.4000
125;г Карпинск ул Максима Горького д.10;Заключение межведомтсвенной комиссии № 167;2011-12-27;4.2015;3.2016;29;29;513.6500;15;493.5500
126;г Карпинск ул Мира д.32;Заключение межведомственной комиссии № 174;2011-12-27;4.2015;3.2016;56;56;866.1000;18;866.1000
127;г Карпинск ул Мира д.32А;постановление главы №1521;2011-12-28;4.2015;3.2016;20;20;323.1000;8;323.1000
128;г Карпинск ул Пушкина д.5;Заключение межведомственной комиссии № 182;2011-12-27;4.2015;3.2016;11;11;260.1000;7;205.5000
129;г Карпинск ул Советская д.30;Заключение межведомственной комиссии № 181;2011-12-27;4.2015;3.2016;12;12;77.2000;4;77.2000
130;г Карпинск ул Чернышевского д.2;Заключение межведомственнй комиссии № 183;2011-12-27;4.2015;3.2016;31;31;471.4000;14;439.8000
131;г Карпинск ул Чернышевского д.4;Заключение межведомственной комиссии № 184;2011-12-27;4.2015;3.2016;19;19;481.1000;14;423.9000
132;г Краснотурьинск ул Абоимова д.37;Акт обследования межведомственной комиссии;2004-03-31;4.2015;2.2016;19;19;518.1000;5;324.2000
133;г Краснотурьинск ул Карпинского д.36;Акт обследования межведомственной комиссии;2004-03-31;4.2015;2.2016;32;32;773.9000;11;745.4000
134;г Краснотурьинск ул Кирова д.28;Акт обследования межведомственной комиссии;2004-03-31;4.2015;2.2016;4;4;84.3000;2;84.3000
135;г Краснотурьинск ул Комарова д.11;Акт обследования межведомственной комиссии;2004-03-31;4.2015;2.2016;5;5;67.3000;2;67.3000
136;г Краснотурьинск ул Коммунальная д.129;Акт обследования межведомственной комиссии;2004-03-31;4.2015;2.2016;3;3;77.1000;2;64.8000
137;г Краснотурьинск ул Крупской д.15;Акт обследования межведомственной комиссии;2004-03-31;4.2015;2.2016;5;5;85.9000;2;85.9000
138;г Краснотурьинск ул Механизаторов д.12;Акт обследования межведомственной комиссии;2004-03-31;4.2015;2.2016;9;9;73.3000;2;73.3000
139;г Краснотурьинск ул Механизаторов д.2;Акт обследования межведомственной комиссии;2004-03-31;4.2015;2.2016;4;4;78.5000;1;57.5000
140;г Краснотурьинск ул Механизаторов д.8;Акт обслеования межведомственной комиссии;2004-03-31;4.2015;2.2016;11;11;66.5000;3;66.5000
141;г Красноуральск ул Парижской Коммуны д.14 А;Акт обследования межведомственной комиссии;1998-09-24;4.2015;2.2016;3;3;73.5000;2;73.5000
142;г Красноуральск ул Устинова д.44;Акт обследования межвежомственной комиссии;1998-09-24;4.2015;2.2016;12;12;327.9000;7;327.9000
143;г Красноуральск ул Фрунзе д.13;Акт и заключение межведомственной комиссии № 6;2008-12-18;4.2015;2.2016;9;9;498.8000;8;498.8000
144;п Дачный ул Советская д.1;Акт и заключение межведомственной комиссии № 7;2008-12-18;4.2015;2.2016;10;10;422.8000;7;422.8000
145;г Красноуфимск пер Лесной д.7;Акт обследования межведомственной комиссии № 4;2003-02-12;4.2015;3.2016;9;9;91.8000;3;91.8000
146;г Красноуфимск ул Кирпично-заводская д.14;Акт обследования межведомственной комиссии;2008-06-26;4.2015;3.2016;13;13;104.1000;5;104.1000
147;г Красноуфимск ул Ленина д.119;Акт обследования межведомственной комиссии № 13;2003-09-14;4.2015;3.2016;7;7;131.3000;3;131.3000
148;г Красноуфимск ул Свердлова д.4;Акт обследования межведомственной комиссии;2008-01-24;4.2015;3.2016;54;54;390.8000;9;390.8000
149;г Красноуфимск ул Советская д.20;Акт обследования межведомтсвенной комиссии;2008-08-21;4.2015;3.2016;13;13;146.2000;4;146.2000
150;г Красноуфимск ул Советская д.22;Акт обследования межведомственной комиссии;2008-08-21;4.2015;3.2016;6;6;96.9000;2;96.9000
151;г Красноуфимск ул разъезд 1430 км «Каменный разъезд» д.*;акт межведомственной комиссии;2008-10-30;4.2015;3.2016;17;17;164.0000;5;164.0000
152;г Первоуральск ул Карбышева д.6;Заключение межведомственной комиссии №83;2010-09-23;4.2015;4.2016;31;31;364.7000;12;364.7000
153;г Первоуральск ул Мамина-Сибиряка д.1;Заключение межведомственной комиссии №86;2010-09-23;4.2015;4.2016;33;33;365.9000;13;365.9000
154;г Первоуральск ул Розы Люксембург д.6;Заключение межведомственной комиссии №85;2010-09-23;4.2015;4.2016;28;28;358.8000;17;358.8000
155;г Реж ул Ватутина д.2;Акт обследования межведомственной комиссии № 1;2002-12-25;4.2015;3.2016;27;27;425.0000;11;386.5000
156;г Реж ул Дегтярева д.5;Акт обследования межведомственной комиссии № 4;2002-12-25;4.2015;3.2016;27;27;435.5000;11;395.3000
157;г Реж ул Ленина д.12;Акт обследования межведомственной комиссии № 14;2002-12-25;4.2015;1.2016;21;21;343.5000;8;343.5000
158;г Реж ул Ленина д.16;Акт обследования межведомственной комиссии № 15;2002-12-25;4.2015;1.2016;22;22;277.5000;8;277.5000
159;г Реж ул Ленина д.18;Акт обследования межведомственной комиссии № 11;2002-12-25;4.2015;1.2016;20;20;353.1000;8;353.1000
160;г Реж ул Энгельса д.10;Акт обследования межведомственной комиссии № 12;2002-12-25;4.2015;1.2016;22;22;577.0000;12;577.0000
161;п Калья ул Клубная д.11;Акт межведомтсвенной комиссии № 28;2003-11-25;4.2015;2.2016;15;15;339.3000;7;287.3000
162;п Калья ул Клубная д.13;Акт межведомтсвенной комиссии № 31;2003-11-25;4.2015;2.2016;38;38;570.1000;10;492.4000
163;п Калья ул Комарова д.30;Акт межведомственной комиссии № 50;2003-11-27;4.2015;2.2016;8;8;589.2000;6;306.7000
164;п Калья ул Ленина д.37;Акт межведомственной комиссии № 43;2003-11-26;4.2015;2.2016;12;12;340.1000;6;261.1000
165;п Черемухово ул Ватутина д.22;Акт межведомственной комиссии № 15;2003-11-21;4.2015;2.2016;19;19;522.3000;9;495.3000
166;п Черемухово ул Ватутина д.30;Акт межведомственной комиссии № 16;2003-11-21;4.2015;2.2016;14;14;353.8000;6;245.5000
167;п Черемухово ул Ватутина д.34;Акт межведомственной комиссии № 10;2003-11-21;4.2015;2.2016;6;6;346.5000;5;226.5000
168;п Черемухово ул Калинина д.29;Акт межведомственной комиссии № 17;2003-11-21;4.2015;2.2016;20;20;534.6000;7;428.4000
169;п Черемухово ул Калинина д.33;Акт межведомственной комиссии № 23;2003-11-21;4.2015;2.2016;24;24;489.0000;7;433.6000
170;п Черемухово ул Калинина д.39;Акт межведомтсвенной комиссии № 26;2003-11-25;4.2015;2.2016;11;11;503.0000;8;503.0000
171;п Черемухово ул Калинина д.43;Акт межведомственной комиссии № 18;2003-11-21;4.2015;2.2016;20;20;708.5000;8;387.6000
172;п Черемухово ул Калинина д.56;Акт межведомтсвенной комиссии № 14;2003-11-21;4.2015;2.2016;12;12;356.1000;7;315.6000
173;п Черемухово ул Ленина д.27;Акт межведомтсвенной комиссии № 27;2003-11-25;4.2015;2.2016;15;15;502.6000;7;432.7000
174;г Серов ул Добрынина д.58/60;Акт межведомственной комиссии № 63;2011-08-31;4.2015;2.2016;14;14;175.4000;6;175.4000
175;г Серов ул Добрынина д.62/64;Акт межведомственной комиссии № 62;2011-08-31;4.2015;2.2016;24;24;246.6000;6;246.6000
176;г Серов ул Ивана Малышева д.94;Акт межведомственной комиссии № 64;2011-08-31;4.2015;2.2016;12;12;184.4000;6;184.4000
177;г Серов ул Короленко д.57/59;Актмежведомственной комиссии № 68;2011-08-31;4.2015;2.2016;30;30;180.5000;6;180.5000
178;г Серов ул Короленко д.61/63;Акт межведомственной комиссии № 69;2011-08-31;4.2015;2.2016;30;30;199.9000;7;199.9000
179;г Серов ул Огородная 1-я д.1 А;Акт межведомственной комиссии № 56;2011-08-31;4.2015;2.2016;16;16;136.1000;6;136.1000
180;г Серов ул Огородная 1-я д.1 Б;Акт межведомственной комиссии № 57;2011-08-31;4.2015;2.2016;10;10;55.8000;3;55.8000
181;г Серов ул Подгорная д.2 А;Акт межведомственной комиссии № 60;2011-08-31;4.2015;2.2016;13;13;82.6000;3;82.6000
182;г Серов ул Розы Люксембург д.71;Акт межведомственной комиссии № 88;2011-09-01;4.2015;2.2016;13;13;120.3000;3;120.3000
183;п Луговской ул 8 Марта д.16;Заключение межведомственной комиссии № 19;2011-12-27;4.2015;3.2016;7;7;78.4000;4;78.4000
184;п Луговской ул 8 Марта д.18;Заключение межведомственной комиссии № 20;2011-12-27;4.2015;3.2016;8;8;78.7000;4;78.7000
185;п Луговской ул 8 Марта д.20;Заключение межведомственной комиссии № 21;2011-12-27;4.2015;3.2016;4;4;77.5000;4;77.5000
186;п Луговской ул 8 Марта д.22;Заключение межведомственной комиссии № 22;2011-12-27;4.2015;3.2016;8;8;79.2000;4;79.2000
187;п Луговской ул Железнодорожная д.43;Заключение межведомственной комиссии № 23;2011-12-27;4.2015;3.2016;6;6;84.4000;2;84.4000
188;п Юшала ул Железнодорожная д.21;Заключение межведомственной комиссии № 16;2011-12-27;4.2015;4.2016;10;10;172.5400;6;172.5400
189;п Юшала ул Железнодорожная д.25;Заключение межведомственной комиссии № 17;2011-12-27;4.2015;4.2016;6;6;106.9000;3;106.9000
190;п Юшала ул Железнодорожная д.37;Заключение межведомственной комиссии № 18;2011-12-27;4.2015;4.2016;5;5;56.0000;3;56.0000
191;рп Тугулым ул Федюнинского д.26;Заключение межведомственной комиссии № 4;2011-12-27;4.2015;4.2016;4;4;117.5000;3;117.5000
192;п Шамары ул Гагарина д.11;Акт и заключение межведомственной комиссии № 52;2009-12-04;4.2015;2.2016;16;16;354.4000;9;354.4000
193;п Шамары ул Гагарина д.15;Акт и заключение межведомственной комиссии № 51;2009-12-04;4.2015;2.2016;11;11;364.4000;8;364.4000
194;п Шамары ул Гагарина д.4;Акт и заключение межведомственной комиссии № 59;2009-12-04;4.2015;2.2016;16;16;182.7000;10;182.7000
195;рп Шаля ул Гоголя д.1 литера а;Акт и заключение межведомственной комиссии № 94;2009-12-04;4.2015;2.2016;16;16;361.3000;9;361.3000
196;рп Шаля ул Кирова д.45;Акт и заключение межведомственной комиссии № 49;2009-12-04;4.2015;2.2016;5;5;158.8000;4;158.8000
197;рп Шаля ул Кирова д.55;Акт и заключение межведомственной комиссии № 75;2009-12-04;4.2015;2.2016;6;6;94.4000;2;94.4000
198;рп Шаля ул Кирова д.78;Акт и заключение межведомственной комиссии № 77;2009-12-04;4.2015;2.2016;9;9;112.0000;4;112.0000
199;рп Шаля ул Ленина д.15;Акт и заключение межведомственной комиссии № 100;2009-12-04;4.2015;2.2016;15;15;298.1000;6;298.1000
200;рп Шаля ул Ленина д.27;Акт и заключение межведомственной комиссии № 101;2009-12-04;4.2015;2.2016;8;8;128.8000;5;128.8000
201;рп Шаля ул Ленина д.33;Акт и заключение межведомственной кмиссии № 103;2009-12-04;4.2015;2.2016;11;11;151.1000;5;151.1000
202;рп Шаля ул Ленина д.39;Акт и заключение межведомственной комиссии № 104;2009-12-04;4.2015;2.2016;6;6;177.7000;4;177.7000
203;рп Шаля ул Ленина д.41;Акт и заключение межведомственной комиссии № 47;2009-12-04;4.2015;2.2016;11;11;152.4000;6;152.4000
204;рп Шаля ул Ленина д.45;Акт и заключение межведомственной комиссии № 106;2011-12-28;4.2015;2.2016;16;16;194.0000;6;194.0000
205;рп Шаля ул Ленина д.5;Акт и заключение межведомственной комиссии № 97;2009-12-04;4.2015;2.2016;9;9;163.7000;6;163.7000
206;рп Шаля ул Ленина д.7;Акт и заключение межведомственной комиссии № 96;2009-12-04;4.2015;2.2016;5;5;181.4000;4;181.4000
207;рп Шаля ул Ленина д.9;Акт и заключение межведомственной комиссии № 98;2009-12-04;4.2015;2.2016;3;3;182.3000;3;182.3000
208;рп Шаля ул Свердлова д.14;Акт и заключение межведомственной комиссии № 110;2011-12-28;4.2015;2.2016;7;7;151.1000;4;151.1000
209;рп Шаля ул Свердлова д.48;Акт и заключение межведомственной комиссии № 86;2009-12-04;4.2015;2.2016;35;35;541.1000;12;541.1000
210;рп Шаля ул Свердлова д.50;Акт и заключение межведомственной комиссии № 87;2009-12-04;4.2015;2.2016;19;19;544.3000;12;544.3000
